{"eval_loss": 0.007461980916559696, "eval_rmse": 0.08638276159763336, "eval_mae": 0.06871069967746735, "eval_qwk": 0.8219508708193524, "eval_lwk": 0.5887399980719175, "eval_corr": 0.8481692690664544, "eval_runtime": 0.4542, "eval_samples_per_second": 347.878, "eval_steps_per_second": 11.009, "epoch": 10.0}