{"eval_loss": 0.013750612735748291, "eval_rmse": 0.11726300418376923, "eval_mae": 0.09294895827770233, "eval_qwk": 0.849866745632218, "eval_lwk": 0.7344159245678366, "eval_corr": 0.8919489335333546, "eval_runtime": 0.507, "eval_samples_per_second": 333.352, "eval_steps_per_second": 11.835, "epoch": 10.0}